{
"3": {
    "Averaged Weights": 0.15058961,
    "Averaged Biases": 0.516578541333003,
    "time": 46.1277961730957,
    "mse": 0.17375420925218565
},
"4": {
    "Averaged Weights": 0.13266533,
    "Averaged Biases": 0.4746504752040197,
    "time": 27.986605962117512,
    "mse": 0.18072916368965994
},
"5": {
    "Averaged Weights": 0.11657681,
    "Averaged Biases": 0.42448193680386087,
    "time": 25.139451026916504,
    "mse": 0.1932823712010006
},
"6": {
    "Averaged Weights": 0.10645143,
    "Averaged Biases": 0.38575756936036376,
    "time": 20.35655975341797,
    "mse": 0.20621326072432775
},
"7": {
    "Averaged Weights": 0.09957278,
    "Averaged Biases": 0.3492330541851709,
    "time": 19.848982493082683,
    "mse": 0.22149341356328883
},
"8": {
    "Averaged Weights": 0.09239004,
    "Averaged Biases": 0.31703840147549783,
    "time": 16.759872436523438,
    "mse": 0.23703510804399164
}
}
